[
    {
        "timestamp": 1740957067,
        "seed": 1740931562,
        "megaHash": "d9a00258ce2dc8b6c3e5e19e79b4452902e4f2d79558f8ee772b43209224c884db5ee36d696e8d3490859e700b80a14f5b7fc9bd93af20718522235a2db90561",
        "blockchain": [
            {
                "hash": "0000ff576e3124121788b41cd99ba2bb9d10d7eea6c0ec55412ec9f25bd7fd6f",
                "prevHash": "0000000000000000000000000000000000000000000000000000000000000000",
                "data": [
                    {
                        "char": 119,
                        "infiniteHash": "0c50c6ca32a375b8b75f0de38a44da83d3c6ccb755c33ce97e75b462e45d1cffe01e0e72a6c72b15288042f956400333ed62d9ce56851d8ed92dab5c4784de2e",
                        "encryptedChar": {
                            "encrypted": "V3k00ErsNlThDgoCtcJEmw==",
                            "iv": "1qgGWuzDwuzCcFOR9W9ITA=="
                        },
                        "hmac": "e6b1f90f7933c32691fff17ea11031fc",
                        "pointCount": 140205,
                        "location": {
                            "real": 0.9299999914834798,
                            "imag": -1.0099999823420645,
                            "zoom": 25,
                            "iterations": 2
                        }
                    }
                ],
                "nonce": 16223,
                "timestamp": 1740957066,
                "miningContext": {
                    "prevHash": "0000000000000000000000000000000000000000000000000000000000000000",
                    "historicalHashes": 1,
                    "historicalMegaHashes": 1,
                    "timestamp": 1740957066
                }
            }
        ],
        "historicalMegaHashCount": 0,
        "tokenExpiry": 1741017920
    }
]