[
    {
        "timestamp": 1740775725,
        "seed": 1740775704,
        "blockchain": [
            {
                "hash": "00035403feefd46f2390910db3574f6103042d073f3eaddb36e323528e71c086",
                "prevHash": "0000000000000000000000000000000000000000000000000000000000000000",
                "data": [
                    {
                        "char": 90,
                        "infiniteHash": "98d3ad9e74db229b98642d434c2bc3e4d2ae8debb1b7a2b39ecfedbff5d10632674f4a0baf78ac4b3946d552b104ca87e3b0ceda94f70160832664338a9e7783",
                        "hmac": "eca7d621eee83b6b34f8e519f3aaafa2",
                        "pointCount": 314783,
                        "location": {
                            "real": -1.839,
                            "imag": -0.363,
                            "zoom": 8666516175,
                            "iterations": 3
                        }
                    },
                    {
                        "char": 101,
                        "infiniteHash": "4562ec17bdfb0f543b772f610b3c7291bea1a5d411006b717a28dd9dc238a81ec948c02625ed23c16e9c6001f9ffaba44bb8d7b2b54714662e3260ecd16b225f",
                        "hmac": "928cef761fbd68ec1d3a57f3f63689e7",
                        "pointCount": 319920,
                        "location": {
                            "real": 0.748,
                            "imag": -1.167,
                            "zoom": 7185251289,
                            "iterations": 2
                        }
                    },
                    {
                        "char": 114,
                        "infiniteHash": "28721554d58028ae5aad878900caebe1eed760d10c1741844091c536128cbda218dd62a7143f57fd7d149dd24a967fceaa348cef24d05b7f04215438b65c7910",
                        "hmac": "7ffc04bffd8c8743c19966b186785364",
                        "pointCount": 186609,
                        "location": {
                            "real": -1.408,
                            "imag": -0.052,
                            "zoom": 5553339086,
                            "iterations": 13
                        }
                    },
                    {
                        "char": 111,
                        "infiniteHash": "6fb28ad47debe40536274cced84516629abb218a3151d5610790c7e7a83e74b8c8fb5fdf17604068c6ca36104197ccecfe8ef61e1d2c26f7580ab296b823e274",
                        "hmac": "d66e4140990fedf81ec01a53f4cadb08",
                        "pointCount": 4948,
                        "location": {
                            "real": -0.253,
                            "imag": -0.519,
                            "zoom": 8937273818,
                            "iterations": 1000
                        }
                    },
                    {
                        "char": 100,
                        "infiniteHash": "012b41bcd67133d64cd06bbe8d32fe26edd675ab081e267260aa905d2025295a4d440f97025a1facceb3c69fd1384eaa66d8a83da70a252d62eb04a46b1fa569",
                        "hmac": "25245db9e9f200b99b1786fb468a1e59",
                        "pointCount": 379240,
                        "location": {
                            "real": -1.77,
                            "imag": -1.281,
                            "zoom": 8362109793,
                            "iterations": 1
                        }
                    }
                ],
                "nonce": 17811,
                "timestamp": 1740775725
            },
            {
                "hash": "000d5492ef8540b64667a4b9543649d75dc10a71ce97dfc43741870c5eb27ef0",
                "prevHash": "00035403feefd46f2390910db3574f6103042d073f3eaddb36e323528e71c086",
                "data": [
                    {
                        "char": 97,
                        "infiniteHash": "3b7b861902f7b1e522b26ba5b6c092453570da45841c1344ef3f02a69f575d2a3793e6495bab0bf36361efeeb584b20b1e77c3e5142133e4692d51fc073a76b6",
                        "hmac": "93c1638af7d959408b58c02ebc48b71b",
                        "pointCount": 306194,
                        "location": {
                            "real": -1.434,
                            "imag": -0.662,
                            "zoom": 9205011938,
                            "iterations": 3
                        }
                    },
                    {
                        "char": 121,
                        "infiniteHash": "a5194a1e20abef5fbe3c8fd2faedd7efe189f1b37bc1706a1d94969491398c23941f7c33b2d1ada7e034ef9150fb84c0f14aa1b4f4c381bf1c66ef2c2a6dfa6b",
                        "hmac": "4dcab6843d8ffa662d43bf0757d41520",
                        "pointCount": 331113,
                        "location": {
                            "real": -0.284,
                            "imag": 1.444,
                            "zoom": 9551593113,
                            "iterations": 2
                        }
                    }
                ],
                "nonce": 13084,
                "timestamp": 1740775725
            }
        ]
    },
    {
        "timestamp": 1740775809,
        "seed": 1740775742,
        "blockchain": [
            {
                "hash": "000bc2024e0cd5c56768f315771191360a287e8eac71415183eaee4c3f591ff3",
                "prevHash": "a5194a1e20abef5fbe3c8fd2faedd7efe189f1b37bc1706a1d94969491398c23941f7c33b2d1ada7e034ef9150fb84c0f14aa1b4f4c381bf1c66ef2c2a6dfa6b",
                "data": [
                    {
                        "char": 72,
                        "infiniteHash": "c6292fa46ebdb3b6b576efd542c1f929771d3fabb843ae5f73464c91dd6a06fafbdc2c5044d2a28fb410bae114bc80014b94931f6cfb96cc16ed549720cfd655",
                        "hmac": "f9ca3d9684bb96f99adbc638415ef6e0",
                        "pointCount": 293735,
                        "location": {
                            "real": -0.692,
                            "imag": 0.757,
                            "zoom": 9841859745,
                            "iterations": 4
                        }
                    },
                    {
                        "char": 105,
                        "infiniteHash": "3b8aefa6edd32992d64fcdf7dc5bbd7b5326ef745acf2ce095608a4a2e3af22d949c618c568c4a7f6af5126ddbdc6070b6d53a03a745dd28a883908333193343",
                        "hmac": "20cbeb085ddf98a4c450b09a948f8c79",
                        "pointCount": 269311,
                        "location": {
                            "real": -0.829,
                            "imag": 0.543,
                            "zoom": 7263663489,
                            "iterations": 5
                        }
                    },
                    {
                        "char": 32,
                        "infiniteHash": "6cf2a84b8a3b1106398d9ba3d44866e44955413e93ce951c6c154789fc038db757e7694f5afc7f4bae48884c7a77fbfb8cc04371eeedd33170b6af197c0915b7",
                        "hmac": "3bc6bf34fe6f1cf3f672655f2d8bbbd1",
                        "pointCount": 222547,
                        "location": {
                            "real": 0.456,
                            "imag": -0.412,
                            "zoom": 670008905,
                            "iterations": 9
                        }
                    },
                    {
                        "char": 109,
                        "infiniteHash": "ecb9248536c9aabbf24fd304356af3675dcdc2d5c07ab53d6c976747ac01d3197afa7272d9f8880f138408d2e88d76c5ff0d73e4ad0a9be45bbbfe40103fffca",
                        "hmac": "01b8a721b9f45cd3d774c186a2b64b63",
                        "pointCount": 336122,
                        "location": {
                            "real": 0.722,
                            "imag": -0.783,
                            "zoom": 82234055,
                            "iterations": 2
                        }
                    },
                    {
                        "char": 121,
                        "infiniteHash": "2349fbf265d268178f15dc9d34fc6759da69054c5b4682b583afa0a5e481c644d3a64a5e8ba603d0e080ee4da8868c9b803e5295427cde205c25f46ccf825fcd",
                        "hmac": "ec43967fbc78e6a232e25c38d8523039",
                        "pointCount": 331109,
                        "location": {
                            "real": 0.988,
                            "imag": -0.268,
                            "zoom": 32508852,
                            "iterations": 2
                        }
                    }
                ],
                "nonce": 12887,
                "timestamp": 1740775808
            },
            {
                "hash": "00f27fd64dba6e7e9790a4004760d2c8f4a21ed0640832a6ce740da198019712",
                "prevHash": "000bc2024e0cd5c56768f315771191360a287e8eac71415183eaee4c3f591ff3",
                "data": [
                    {
                        "char": 32,
                        "infiniteHash": "0e40df38006ebf10e4084717b92658a1e37b592578d6d74ce8f094627cf044770283821f600a36e40ba31178959996f00d2cdaf56ceb13ac0904e4ee70979537",
                        "hmac": "c0f33201a3fa6de9c872e43bb3d11369",
                        "pointCount": 120691,
                        "location": {
                            "real": -0.227,
                            "imag": -0.793,
                            "zoom": 4167725693,
                            "iterations": 27
                        }
                    },
                    {
                        "char": 110,
                        "infiniteHash": "b816c9d9896b6d81f6fc1c275e9c84f2b6c1085ee537ddc4f56ce6ab5aee86743c20d69913d5791fb605cbae5f0898725a0fe2679d4a658503f53667fbc87458",
                        "hmac": "184e5887497e29c5677aa81df475305a",
                        "pointCount": 281594,
                        "location": {
                            "real": -1.668,
                            "imag": -0.14,
                            "zoom": 7303305042,
                            "iterations": 5
                        }
                    },
                    {
                        "char": 97,
                        "infiniteHash": "f9e539215bff8d2ea0ffafe4c48b4381d5827aed6f37ed4f3e2f20385f31f9923d10587e2332820b73b1cc4dcf183824530844de9aafc738521fd22483778374",
                        "hmac": "f8d06c6d73e886f170347445bc5f2c15",
                        "pointCount": 310478,
                        "location": {
                            "real": 0.37,
                            "imag": -1.069,
                            "zoom": 2480549881,
                            "iterations": 3
                        }
                    },
                    {
                        "char": 109,
                        "infiniteHash": "a8ba3153f2a0f5a1f6775244f5ecf71e136479954af52ea50bd7564bfebdde4d0b374c0072948674ab81989f378ab2ce8871a9f67779167d370ff6f6104653af",
                        "hmac": "a6272ff992bb41ea315b1f1a6e5f1a60",
                        "pointCount": 310461,
                        "location": {
                            "real": -1.274,
                            "imag": 0.909,
                            "zoom": 4842536961,
                            "iterations": 3
                        }
                    },
                    {
                        "char": 101,
                        "infiniteHash": "391f21c5240a9b30d8ad63a700b4f33aeee36971fbb577340f358301114faf0e642f40f9b6d8c8151b4e26a31f1b159343d25eccb876be05836c3db2998c41b9",
                        "hmac": "739e5c4a5c5c4fc4fcf16f6a3165a92e",
                        "pointCount": 333243,
                        "location": {
                            "real": -0.941,
                            "imag": 1.296,
                            "zoom": 1816660176,
                            "iterations": 2
                        }
                    }
                ],
                "nonce": 20039,
                "timestamp": 1740775809
            },
            {
                "hash": "0009785f5ae45950b70ad91afcd9642365c9e3a6b97cc880110acc4bd12bbdf0",
                "prevHash": "00f27fd64dba6e7e9790a4004760d2c8f4a21ed0640832a6ce740da198019712",
                "data": [
                    {
                        "char": 32,
                        "infiniteHash": "725d95d1027ea671f845d81f21dad62912e2193355963c3bdc60abf57c7e28ef828980701433291a12b240abb39644233d50fb29324539db094bf8bf50456cfb",
                        "hmac": "c751fea3ebbc3e5c5ccf754c9a665b55",
                        "pointCount": 306006,
                        "location": {
                            "real": -1.69,
                            "imag": -0.376,
                            "zoom": 2629626406,
                            "iterations": 3
                        }
                    },
                    {
                        "char": 105,
                        "infiniteHash": "42c6af66a3653ada8f3889cb876558fb3dc3d4a4fee81a9dbb69e9973e3ed474d4e767ef861aa5daa7daa9c5cbc06582c1ca409e9972a64b7de4db3ba2445fba",
                        "hmac": "1658a00ef843c906e611551397985ce8",
                        "pointCount": 311970,
                        "location": {
                            "real": -0.969,
                            "imag": -0.909,
                            "zoom": 5683866312,
                            "iterations": 3
                        }
                    },
                    {
                        "char": 115,
                        "infiniteHash": "0569ff64773215056197be7790c609344bd4dc9a3a9ff861fe378a4d7bae76f31379e4f0e5f49ff349a9851c326ed83f574b5e974b34cf10eb683c032ee2a276",
                        "hmac": "ab0db7368c0db4d39696851d7f533bbc",
                        "pointCount": 311332,
                        "location": {
                            "real": -1.063,
                            "imag": -0.882,
                            "zoom": 7929912773,
                            "iterations": 3
                        }
                    },
                    {
                        "char": 32,
                        "infiniteHash": "6ac03e76d7d702d7a1e5d9ba6eca530857d83e0c7d0dffa4cd92ffbc14e9ef071abb523bebad40ecbff15e8a849268d259e73ebc3b6b2f9178008880b7c6fcfd",
                        "hmac": "13efaa01f98f288d840f30609f432dc4",
                        "pointCount": 310539,
                        "location": {
                            "real": -1.483,
                            "imag": -0.99,
                            "zoom": 4591120437,
                            "iterations": 3
                        }
                    },
                    {
                        "char": 106,
                        "infiniteHash": "a2c9847af3ede933cc262fd3534eaef00ed781662af0e4076e560a9fa3d9958a5150faa79f31d19df61225580a75afca57f005f81703bada9c1866d67b72838a",
                        "hmac": "e515a4427f876f5087b31b92c70f83d2",
                        "pointCount": 330825,
                        "location": {
                            "real": -0.263,
                            "imag": 1.401,
                            "zoom": 9877810114,
                            "iterations": 2
                        }
                    }
                ],
                "nonce": 11134,
                "timestamp": 1740775809
            },
            {
                "hash": "0003cc1eaa0dd186735acd03e54e312a769a522f2cb6449e6126f78e3fcd1564",
                "prevHash": "0009785f5ae45950b70ad91afcd9642365c9e3a6b97cc880110acc4bd12bbdf0",
                "data": [
                    {
                        "char": 111,
                        "infiniteHash": "14fec39a3f6be9cc8f039771954e92f39f8671df0358c2cf8d00593e1fea667bc70ddba38b380930d7f6cc13f1cdb6750a7ca1a67a84e3a0ad73bd17f8207e93",
                        "hmac": "86eb4ccd1867d89213919aea6366ce37",
                        "pointCount": 270391,
                        "location": {
                            "real": 0.109,
                            "imag": -0.932,
                            "zoom": 6764012531,
                            "iterations": 5
                        }
                    },
                    {
                        "char": 115,
                        "infiniteHash": "7597aba2d7c4a11e1ccda3b720812365c4b65450168d5dcf9004fec2ed2b78f86443d8bd6ccfbf7a314b105b21ec8594b33cc7651f713c6355fc9d6e2f8a8fbc",
                        "hmac": "97a1b7da29ff670ab904519913758970",
                        "pointCount": 329182,
                        "location": {
                            "real": -0.827,
                            "imag": -1.5,
                            "zoom": 1591293366,
                            "iterations": 2
                        }
                    },
                    {
                        "char": 104,
                        "infiniteHash": "0e6b78b1bfb6868c1030416bc11d22eaec090d35cd2152d2c8cf6b94a407f5ff233d930de0fde92ec8b2974599585a555e33da9502cbfcef7e03fd52c990ff60",
                        "hmac": "d7341c6bc859b69552bde18bb0993ff5",
                        "pointCount": 258478,
                        "location": {
                            "real": -1.071,
                            "imag": 0.431,
                            "zoom": 9477328343,
                            "iterations": 6
                        }
                    }
                ],
                "nonce": 18781,
                "timestamp": 1740775809
            }
        ]
    },
    {
        "timestamp": 1740775940,
        "seed": 1740775903,
        "blockchain": [
            {
                "hash": "000e86a25cb2114a65ccfd4aebd4db8fa453fec59a18bea92341995b4fc7d754",
                "prevHash": "0e6b78b1bfb6868c1030416bc11d22eaec090d35cd2152d2c8cf6b94a407f5ff233d930de0fde92ec8b2974599585a555e33da9502cbfcef7e03fd52c990ff60",
                "data": [
                    {
                        "char": 72,
                        "infiniteHash": "c1774bd7c29ae91d8887d3a887628443d977d92f274be0f5a49938afeff4a26ee510ce0ae5c83496755cc70a20029a121a5c403da3c374bd1ffc6a88cbfc9033",
                        "hmac": "c1f8fb917a29b6e9788257ece54e7a22",
                        "pointCount": 346344,
                        "location": {
                            "real": -0.43899999996486466,
                            "imag": 1.3339999999469805,
                            "zoom": 34,
                            "iterations": 2
                        }
                    },
                    {
                        "char": 105,
                        "infiniteHash": "362b547d2e4398d8d208d364fe74f12dfac62c8165e6e79609444b9950acae95057daa715b458604084185ba94c8874eaea435c112fa6dee1184de13416e0685",
                        "hmac": "8d6898ef2760340a3931d46a04c62964",
                        "pointCount": 128943,
                        "location": {
                            "real": -1.343896125,
                            "imag": 0.024692812500000015,
                            "zoom": 4,
                            "iterations": 1000
                        }
                    },
                    {
                        "char": 32,
                        "infiniteHash": "b7a2d897cbf9e133f5f96ac585991873ba7f7e53eaf364d86dfe872ef66bdf0e4ed0abf0d8ff66c55e690ebb99daab527ddfecb481217dc2d5d792edadea2b68",
                        "hmac": "955522e90c6ac1cea674463f1914dada",
                        "pointCount": 4959,
                        "location": {
                            "real": 0.039,
                            "imag": 0.188,
                            "zoom": 68,
                            "iterations": 1000
                        }
                    },
                    {
                        "char": 109,
                        "infiniteHash": "3ef7f43600c4d6539617a39a2bff123ab7744f40023af9aa50c1e575188a528cdd485b039f46d0f01ad7b012e514eb7a15156ff49003821a4ee5faf3e7243d6f",
                        "hmac": "734fd6d9c582c58b1a19899719530c93",
                        "pointCount": 5040,
                        "location": {
                            "real": -0.824968987915039,
                            "imag": 0.14503342288208004,
                            "zoom": 15,
                            "iterations": 1000
                        }
                    },
                    {
                        "char": 121,
                        "infiniteHash": "fb1d1e127392dfa07a81bb228d3a5fafa86ae1c8444809b0a6a520495eef50818868940716acc78c82c0456d2420cf00a7a761ee57840d0a7f94d0726f59c979",
                        "hmac": "4315da38763c9e083b625416696ec0df",
                        "pointCount": 352967,
                        "location": {
                            "real": 0.9229999999999994,
                            "imag": -0.9190000000000003,
                            "zoom": 51,
                            "iterations": 2
                        }
                    }
                ],
                "nonce": 10624,
                "timestamp": 1740775939
            },
            {
                "hash": "0002e75e642e84c6ce8a09e4bf8159d634aeb53d30f2eea3ea88583960dd7eec",
                "prevHash": "000e86a25cb2114a65ccfd4aebd4db8fa453fec59a18bea92341995b4fc7d754",
                "data": [
                    {
                        "char": 32,
                        "infiniteHash": "41de3b42d52ca0327565338c7c3ba6dd62aaa3ebf7cd82f128543b6bb5745f0e5c4f61af7d47aa55ca0ade9a199cb4f4c60538187b26553a0423720c4f6749a6",
                        "hmac": "bd6442392cfdf6b691ac98188c2256cf",
                        "pointCount": 327305,
                        "location": {
                            "real": -0.134,
                            "imag": 1.299,
                            "zoom": 73,
                            "iterations": 2
                        }
                    },
                    {
                        "char": 110,
                        "infiniteHash": "188e3b310d37b7996a18441164be8592a1d724652a2ed811f7977b9ac1d44d5beec8a1ddb2882316bde469039ed50560d49e03986126bc7b4728fdbc33e30a56",
                        "hmac": "b03bfade55d0364ffff8494ba193204a",
                        "pointCount": 269270,
                        "location": {
                            "real": -1.001000000466395,
                            "imag": 0.6709999978349098,
                            "zoom": 28,
                            "iterations": 4
                        }
                    },
                    {
                        "char": 97,
                        "infiniteHash": "1416e66c99b10a91426fef8650b00f38291c2928510e2c2c9e2b03631dc33ba9c195619e5234a6997429e3183fa61f1eedb84c5182823b19b005a64da3674999",
                        "hmac": "fdd6a64bb59fc1d32fa597c4203022c6",
                        "pointCount": 4988,
                        "location": {
                            "real": 0.09099996810793877,
                            "imag": 0.07299975799894333,
                            "zoom": 22,
                            "iterations": 1000
                        }
                    },
                    {
                        "char": 109,
                        "infiniteHash": "de91464ae740e453f6a24281de8114f6fe80fb6c3f9f3c5856e8d65c5bd7f35984538157142703172dba76bc66aa4a4ef998686a025d68f88b5bfdc8cda04eaf",
                        "hmac": "14f6d112b47e52233c589a8eaa2a8127",
                        "pointCount": 396745,
                        "location": {
                            "real": -1.835,
                            "imag": 0.909,
                            "zoom": 94,
                            "iterations": 1
                        }
                    },
                    {
                        "char": 101,
                        "infiniteHash": "95ede46b5d448322e2deaeef0186681ef612165d9f74ef7fb1730adb7791f0415f9fb664f5e8ee46cd57b61fbba2d81852582445e2bb7c2060cf1d32eac1cffe",
                        "hmac": "d9b3123253c84951f26c80c4bd9811d3",
                        "pointCount": 306178,
                        "location": {
                            "real": -0.7170000000000001,
                            "imag": -1.0769999999999997,
                            "zoom": 50,
                            "iterations": 3
                        }
                    }
                ],
                "nonce": 16363,
                "timestamp": 1740775939
            },
            {
                "hash": "000238d428a2b8d5d3e3407590b9a04819169e06b75eee1c1598ddb64e1fb7dc",
                "prevHash": "0002e75e642e84c6ce8a09e4bf8159d634aeb53d30f2eea3ea88583960dd7eec",
                "data": [
                    {
                        "char": 32,
                        "infiniteHash": "3070a7845dd83d1a490d3de45b5c24e1e4e3cb349514ad648c3336e8ab6e523d9d0133a2d7a69b21616b9c175452fc7453f019f0ad929b19ddcc2e7ef1e71a2b",
                        "hmac": "2e090db929701c76c380411036ed8e12",
                        "pointCount": 327250,
                        "location": {
                            "real": 0.37,
                            "imag": 1.132,
                            "zoom": 73,
                            "iterations": 2
                        }
                    },
                    {
                        "char": 105,
                        "infiniteHash": "6c9db149c8f3776a30a01fc3ae5f8afbafa57ab97d5a154969d3ab1e59641b1f32dfd32aa4b9855207714b4553dc4dda0dd3fa3cd6e9549a7f66586d8381dbf9",
                        "hmac": "66fab58d3cebbb231f2b596a30fa406d",
                        "pointCount": 102886,
                        "location": {
                            "real": 0.137,
                            "imag": -0.685,
                            "zoom": 59,
                            "iterations": 25
                        }
                    },
                    {
                        "char": 115,
                        "infiniteHash": "45b2d7f9a2f853ac900c866204cc80d82a8bcca728013e7a6216ee92e38dfe4a16ea9d3a96503cf1e60e1803d5948b340be97746a5584b00ad07af67b213a4ba",
                        "hmac": "b200d00e1c8512a2d514291cef51d3b3",
                        "pointCount": 196728,
                        "location": {
                            "real": 0.42,
                            "imag": -0.62,
                            "zoom": 88,
                            "iterations": 8
                        }
                    },
                    {
                        "char": 32,
                        "infiniteHash": "65204fcf724c3d64ebaa641a9d31fb6cf72631f28681c81102f9f4dc8268d1240b2246b41a898f25cd5e1c35f306608b5a7fbbcf47937c8a1cb391fae1a9a3a7",
                        "hmac": "e438b3ff2be33e4198ba1a0ee83e934d",
                        "pointCount": 325338,
                        "location": {
                            "real": -1.4365896249999999,
                            "imag": 0.8164358125,
                            "zoom": 4,
                            "iterations": 3
                        }
                    },
                    {
                        "char": 106,
                        "infiniteHash": "5bdb268f0b3ce646948cd590835b49d47f3dc6410ac0d34aebffafc9f0331bc150ef3ded173e42edd79068470d05bda858d4a11a58342a6988dfd194e68cf5d3",
                        "hmac": "1ccbc1bde901f9c8f0d9f8637514bdb1",
                        "pointCount": 314033,
                        "location": {
                            "real": -0.3650000000000103,
                            "imag": -1.3029999999999977,
                            "zoom": 47,
                            "iterations": 3
                        }
                    }
                ],
                "nonce": 11520,
                "timestamp": 1740775940
            },
            {
                "hash": "000a00199b759ceaa23186d8f7d22a0d8f6211514cc62cb3af02edc1af674f8f",
                "prevHash": "000238d428a2b8d5d3e3407590b9a04819169e06b75eee1c1598ddb64e1fb7dc",
                "data": [
                    {
                        "char": 111,
                        "infiniteHash": "042c20f13f2f89d697c078ff0d03218fa28ae2f014d215342df29e8a43b10d2ab263b2fcf16551d6ded1d4cf21ce16b6def78bf74d20fc81997e33d60dc54119",
                        "hmac": "006d4ca956c639f363704b1d632a56f8",
                        "pointCount": 315986,
                        "location": {
                            "real": -0.9130000000002245,
                            "imag": -1.1899999999993367,
                            "zoom": 40,
                            "iterations": 3
                        }
                    },
                    {
                        "char": 115,
                        "infiniteHash": "b1392628d3d0144f3674682c230fdab7267dc5765089d9783b4c71a2ab60e3ffb45acce6e1d5bf8a274432848ce2f98f558916cc593d52d621553a4cba1022a1",
                        "hmac": "65697d6b4de4139469dd2c91feeead65",
                        "pointCount": 232816,
                        "location": {
                            "real": -0.503000000000549,
                            "imag": 0.8479999999996833,
                            "zoom": 41,
                            "iterations": 5
                        }
                    },
                    {
                        "char": 104,
                        "infiniteHash": "9cb6f7cb3370e560b580f8403e335dff6bdeddea961af6a593175d49b8c46a8b859c071ac8962407759a1a4e9d075fd7003db504356e26483b671d0f81d89665",
                        "hmac": "de9345f7c0c18df8f0b70bdd51d73acf",
                        "pointCount": 349582,
                        "location": {
                            "real": 0.6420000000000002,
                            "imag": 1.3200000000000003,
                            "zoom": 52,
                            "iterations": 2
                        }
                    }
                ],
                "nonce": 16593,
                "timestamp": 1740775940
            }
        ]
    },
    {
        "timestamp": 1740776276,
        "seed": 1740776255,
        "blockchain": [
            {
                "hash": "00090f0b6304e381503c43d6722cff847ab99eb25e3f6b64c2fa883c980e873a",
                "prevHash": "9cb6f7cb3370e560b580f8403e335dff6bdeddea961af6a593175d49b8c46a8b859c071ac8962407759a1a4e9d075fd7003db504356e26483b671d0f81d89665",
                "data": [
                    {
                        "char": 102,
                        "infiniteHash": "041095ae867d813335606ee02d6671e17c416af832ca02a180c11641bf443f86ce9958c008a930a1337c84101bbe1ef71a3f42bdd94029a7fb94888f34a0f246",
                        "hmac": "6ade73f8400ce68b41569aebcad4599e",
                        "pointCount": 352351,
                        "location": {
                            "real": -1.05301042993927,
                            "imag": 1.486992676551819,
                            "zoom": 17,
                            "iterations": 2
                        }
                    },
                    {
                        "char": 97,
                        "infiniteHash": "2d33cc6606a7a231e02f1e13160f77008a7b085a347dd685b7ec184ba6bf35a95102d4a2017c7545118998e03fdbc994e59d1eec83c6a0bd15478b0f2fcbd1ae",
                        "hmac": "90474b38e24200836df4eb70859b8eb8",
                        "pointCount": 301814,
                        "location": {
                            "real": 0.9109999999999999,
                            "imag": 0.8270000000000002,
                            "zoom": 51,
                            "iterations": 2
                        }
                    },
                    {
                        "char": 108,
                        "infiniteHash": "3eb1b223fddc8eae4b74f711237912dcbffd195d277cd75034a50f5fa45eccdedfed81fb8a12433293eeeef36f559d83c08b8e67789e11100be6c51581f306ac",
                        "hmac": "209a2a4d4f5ececb58ba8da2c29b0096",
                        "pointCount": 268254,
                        "location": {
                            "real": -1.3550034215049744,
                            "imag": -0.9919949447937012,
                            "zoom": 18,
                            "iterations": 3
                        }
                    },
                    {
                        "char": 115,
                        "infiniteHash": "cb7b81ef244a60b71dea1aa0051c168690e5156c8a1cd2c6d5307568d7d4d7c393ead9484943e08ba9b958f88102bd52da65e1cd5138698f4bf565afd9db8ccd",
                        "hmac": "3f0af65ac6f0d9c8187dc5d70794548c",
                        "pointCount": 290713,
                        "location": {
                            "real": -1.189,
                            "imag": -0.599,
                            "zoom": 70,
                            "iterations": 3
                        }
                    },
                    {
                        "char": 101,
                        "infiniteHash": "8976504ab60826a019f0983c7a1a934c409619120f5983e390e65938d55ce4d8584cc8bb6ae5a485bcdeaa82c02af264d38994175a6a5de814d59a88c6e14364",
                        "hmac": "bf5fd4c7ec0500f150f4441cdc23bbe8",
                        "pointCount": 368900,
                        "location": {
                            "real": -1.482,
                            "imag": 1.48,
                            "zoom": 81,
                            "iterations": 1
                        }
                    }
                ],
                "nonce": 11275,
                "timestamp": 1740776276
            }
        ]
    },
    {
        "timestamp": 1740777287,
        "seed": 1740777266,
        "megaHash": "369d15f35911fb111ea2370a57ce96a05b5ae767e36cee972b9c229e15f68a39a2b9547d2083f01b9a7cdab05d39288d285df4a52c73e8628268cb39ed08e308",
        "blockchain": [
            {
                "hash": "000098009580bd38180b01f45c37b10f95eda2996f97e0fd8400631b554c6181",
                "prevHash": "8976504ab60826a019f0983c7a1a934c409619120f5983e390e65938d55ce4d8584cc8bb6ae5a485bcdeaa82c02af264d38994175a6a5de814d59a88c6e14364",
                "data": [
                    {
                        "char": 102,
                        "infiniteHash": "2111c55d9a351000ee31427fbf169c9e4202bcb9a7c07d209d881299c87d1ada125a4cd2b4bd9c8b76ead8695117f9770c14d6e140db985feeb92f9c6b417146",
                        "hmac": "77022ad3b7042257d06cf526df0e76f6",
                        "pointCount": 306369,
                        "location": {
                            "real": -0.884,
                            "imag": 0.926,
                            "zoom": 75,
                            "iterations": 3
                        }
                    },
                    {
                        "char": 97,
                        "infiniteHash": "02e9726d9e2a07a1b3a6c4574f3c95e53d3292b51f0cac9f3797ad095f058c145231caca8829ceac62f75f332f2bd1316c75376e9e8a33747ed7046f0d0d4d09",
                        "hmac": "4aa4336604756e273df22777d00a1b44",
                        "pointCount": 198441,
                        "location": {
                            "real": 0.4420000000000043,
                            "imag": -0.5020000000000024,
                            "zoom": 48,
                            "iterations": 6
                        }
                    },
                    {
                        "char": 108,
                        "infiniteHash": "d6d117fef0abfcb8f3435bf2fd40d9b42849fd862ed16857bd2cf07c60202e9af23c3a0cff4ca41f2b49e7af007e3b0d4304d7d6199a2bd468b993566de5ce6c",
                        "hmac": "d39f71a1ad626bb2b77035b8305123f8",
                        "pointCount": 329725,
                        "location": {
                            "real": -1.667,
                            "imag": 0.824,
                            "zoom": 93,
                            "iterations": 3
                        }
                    },
                    {
                        "char": 115,
                        "infiniteHash": "a5d7c640d0b57c7b8c905723b48e49c4fbce8edc8dc4881fa7c425abd9f20cce9de3aa1998855c5ca365845a155f0c13f3ef79980b523d25ffb0febfcea1f0ab",
                        "hmac": "b069027c4afe47c73b2ce7fc9ac63900",
                        "pointCount": 319630,
                        "location": {
                            "real": -1.9370019895706176,
                            "imag": -0.2310026270427704,
                            "zoom": 19,
                            "iterations": 3
                        }
                    },
                    {
                        "char": 101,
                        "infiniteHash": "7d44345b55134e7bb681a22c336ec542f4733a53889bba0ccd3505c056dc655b5bfae199c8a1cef866b4a9892beeb8034ae65c275349d843d853c71193e2f3fd",
                        "hmac": "19affd604b44fdc6520ac59dda72b805",
                        "pointCount": 318730,
                        "location": {
                            "real": 0.98,
                            "imag": -0.144,
                            "zoom": 84,
                            "iterations": 3
                        }
                    }
                ],
                "nonce": 99827,
                "timestamp": 1740777285,
                "miningContext": {
                    "prevHash": "8976504ab60826a019f0983c7a1a934c409619120f5983e390e65938d55ce4d8584cc8bb6ae5a485bcdeaa82c02af264d38994175a6a5de814d59a88c6e14364",
                    "historicalHashes": 64,
                    "historicalMegaHashes": 1,
                    "timestamp": 1740777285
                }
            }
        ],
        "historicalMegaHashCount": 0
    },
    {
        "timestamp": 1740777394,
        "seed": 1740777376,
        "megaHash": "7d2373c7e90614cbb5af2ac1632692e58157801bcce1f06d666ccd7843fa5d416674834e965d846078fb08202a50e24b84c04ae485badf25e4031a9c879fc27d",
        "blockchain": [
            {
                "hash": "0000b8d2c425891b05670f5207eb3427c9f2ba9c453ed46c7236dca28738536c",
                "prevHash": "7d44345b55134e7bb681a22c336ec542f4733a53889bba0ccd3505c056dc655b5bfae199c8a1cef866b4a9892beeb8034ae65c275349d843d853c71193e2f3fd",
                "data": [
                    {
                        "char": 99,
                        "infiniteHash": "52a8bc35b3df46769e07b796a1e9e47aa58bb87ec68fceec4e2bace80cde9e98577e26a9374b92eba61a8aca53ed197879a9e370b932bab27336e0f6892647cb",
                        "hmac": "02fc33bccc2b39d415faf9af26983516",
                        "pointCount": 339411,
                        "location": {
                            "real": 0.704,
                            "imag": 1.437,
                            "zoom": 36848248,
                            "iterations": 2
                        }
                    },
                    {
                        "char": 111,
                        "infiniteHash": "9658375cb93b6ae887b819ca409821a2e9e6199ec5e60cc0ece3d8a36e5bb761196c378dc32f9ee2003e4bffb5cbfd2dbc56c92e4b3c2e6ddfc7c6e013f5be4c",
                        "hmac": "90175b8268ba8361055ad4cdcaf1ddc5",
                        "pointCount": 217458,
                        "location": {
                            "real": -1.499,
                            "imag": -0.049,
                            "zoom": 145348920,
                            "iterations": 9
                        }
                    },
                    {
                        "char": 109,
                        "infiniteHash": "54efa7fbbee658d7addddb620f14a87773ce8dc3e49a281cbc1936467b6415f2064f1314312939fc68fc1ad35cd55d33877cbd01259e409709aa98923e3e0aa9",
                        "hmac": "3ff12a46ddae0501f84afb17f0de1807",
                        "pointCount": 335931,
                        "location": {
                            "real": -1.175,
                            "imag": 1.191,
                            "zoom": 565902516,
                            "iterations": 2
                        }
                    },
                    {
                        "char": 112,
                        "infiniteHash": "1063bc604de6ed033dd362db9c393ef435c64efd9967f0bc03280b196d6db558d77236fd7ca93c042a53de383544b85300c613ad82040367b10b97f6cf47cda3",
                        "hmac": "87a76d0ad363fc898f4b8ef8d5861cef",
                        "pointCount": 231749,
                        "location": {
                            "real": -0.154,
                            "imag": -1.089,
                            "zoom": 89718790,
                            "iterations": 8
                        }
                    },
                    {
                        "char": 117,
                        "infiniteHash": "3a01ce2fe415f459d5f82cb10b751861bdf8e56f367749367900725f2766668c6ea9672c894bb88e6a8dfa6983e8f9fd3573a1e4e4aee998768a0c68ec264a6b",
                        "hmac": "2ab59e6c1b70fdf3bb8bf07034836186",
                        "pointCount": 317396,
                        "location": {
                            "real": -1.466,
                            "imag": -0.622,
                            "zoom": 364303769,
                            "iterations": 3
                        }
                    }
                ],
                "nonce": 11406,
                "timestamp": 1740777394,
                "miningContext": {
                    "prevHash": "7d44345b55134e7bb681a22c336ec542f4733a53889bba0ccd3505c056dc655b5bfae199c8a1cef866b4a9892beeb8034ae65c275349d843d853c71193e2f3fd",
                    "historicalHashes": 73,
                    "historicalMegaHashes": 2,
                    "timestamp": 1740777394
                }
            },
            {
                "hash": "000046183f0c2ef9fec82abdcf2d9c92d1480300201ea47501a9bdb2ff64531b",
                "prevHash": "0000b8d2c425891b05670f5207eb3427c9f2ba9c453ed46c7236dca28738536c",
                "data": [
                    {
                        "char": 116,
                        "infiniteHash": "787bd198b6d5e99536d7387abe6dbe0f14ed1c915f4e9d325a504c442d8cddd265671619a1d8698180671db8268c20ba8171c9cf9f4f0c1378bc36598dce7261",
                        "hmac": "053b5b75aa376d6e351dfd0806b40e50",
                        "pointCount": 311789,
                        "location": {
                            "real": -1.333,
                            "imag": -0.699,
                            "zoom": 344370785,
                            "iterations": 3
                        }
                    },
                    {
                        "char": 101,
                        "infiniteHash": "75dde9e426e0f951e3bb361b7d6764c95209a41fbbd8c5a87ca0603ff17b476c9fee268abc9468e88e4827324bcd8d626b0b60b9b96f680f1949d57c2f811fca",
                        "hmac": "58986023ccc15651dae17092a591e4dd",
                        "pointCount": 212596,
                        "location": {
                            "real": -0.205,
                            "imag": -1.121,
                            "zoom": 271117186,
                            "iterations": 10
                        }
                    },
                    {
                        "char": 114,
                        "infiniteHash": "fecf96cb867fc884d21668ad715b9654f4a3de5d1571a2edfef4a98564db7634702f32e49fb1374e531b2b0cd0dbe2a52cfbc4890be56a25125a04b223b2c8af",
                        "hmac": "ae7adf3d7dc919a13c418c79bac7a747",
                        "pointCount": 4911,
                        "location": {
                            "real": 0.164,
                            "imag": -0.562,
                            "zoom": 23392386,
                            "iterations": 1000
                        }
                    }
                ],
                "nonce": 37215,
                "timestamp": 1740777394,
                "miningContext": {
                    "prevHash": "0000b8d2c425891b05670f5207eb3427c9f2ba9c453ed46c7236dca28738536c",
                    "historicalHashes": 73,
                    "historicalMegaHashes": 2,
                    "timestamp": 1740777394
                }
            }
        ],
        "historicalMegaHashCount": 1
    },
    {
        "timestamp": 1740778832,
        "seed": 1740778781,
        "megaHash": "c3a334ccc0fab567050670169a16658bfd19f37d104a626754747fdb941ee37e09d709b82446100be5a3997027ec25765f5b1b1b53152d6e20736238a3a9a823",
        "blockchain": [
            {
                "hash": "00005d59a908211c9258e28f577b47788a8b2ff603f8557e26054b56e93e55ae",
                "prevHash": "fecf96cb867fc884d21668ad715b9654f4a3de5d1571a2edfef4a98564db7634702f32e49fb1374e531b2b0cd0dbe2a52cfbc4890be56a25125a04b223b2c8af",
                "data": [
                    {
                        "char": 104,
                        "infiniteHash": "2977dc00751559a16ee8fe11e025ec373ec40196c6cdd7544d695a5a17c2edeede9559baf87c9f7bfd31ac53bdfcd50c5a7d189efd76277b76bf26937ab04f48",
                        "encryptedChar": {
                            "encrypted": "B2JHhaIaM++d3JtBrh6RRA==",
                            "iv": "RTgop63owiDD1eiOTubnmA=="
                        },
                        "hmac": "56e98dc6b802b4176f778634485a2e58",
                        "pointCount": 162574,
                        "location": {
                            "real": -1.69,
                            "imag": 0.226,
                            "zoom": 81,
                            "iterations": 4
                        }
                    },
                    {
                        "char": 101,
                        "infiniteHash": "29f6a2f32ff1e0ec8209a941157614703c886f10efc1cd2cecef6cef8b92c5d0632fc01755620f8e53f5464d09f929701d062d53e5da9b7f69daf2d9b6631ede",
                        "encryptedChar": {
                            "encrypted": "lMVIp3xEJg\/+CcKCGJkZpQ==",
                            "iv": "yyvUqH0cAVdiVlwnRVVarQ=="
                        },
                        "hmac": "cbf76d131ace25b737a133498d062915",
                        "pointCount": 4878,
                        "location": {
                            "real": -0.021150591796875,
                            "imag": -0.28271312109375,
                            "zoom": 9,
                            "iterations": 1000
                        }
                    },
                    {
                        "char": 108,
                        "infiniteHash": "8a15113f17278584cdce25f471687f76469980052cf251c23519540aa390dd4e399ea65b0df257aba4e7ce0374b0ef7b2d3008c4ca020d24fb3856e50b79b13b",
                        "encryptedChar": {
                            "encrypted": "wOd9V7XpuTWAK0LeXw3YPg==",
                            "iv": "isVIhf2FJWFbOpmnXLFogg=="
                        },
                        "hmac": "3641adc785f9d6fd9c848013a7cbb626",
                        "pointCount": 119389,
                        "location": {
                            "real": -1.046,
                            "imag": -0.511,
                            "zoom": 57,
                            "iterations": 5
                        }
                    },
                    {
                        "char": 108,
                        "infiniteHash": "60bcaad3f586c25e6f660114e9f92c9179a8afdb928cd3adacb906dbe42489b05911ce0fbd9cae571061200ca1cde6a03adc1949c01684b3ca0c75a877e8cd2d",
                        "encryptedChar": {
                            "encrypted": "g7JVoZ7IN9wyk2y7FiEe5w==",
                            "iv": "Bep1+vh+ErtgibjAP+IW8w=="
                        },
                        "hmac": "63be35146f3f88bdcb7b73fda63eb86b",
                        "pointCount": 128323,
                        "location": {
                            "real": -1.325246703125,
                            "imag": 0.6388313437500001,
                            "zoom": 6,
                            "iterations": 3
                        }
                    },
                    {
                        "char": 111,
                        "infiniteHash": "b6c02e98e2c328feb46ab3b4502249848a91f875acaed5050d7b7efe6d05ef560dae912f973a1aaa7d8375f5186ef9024154ebd45f2b5ec4e4b394cb2a864eb5",
                        "encryptedChar": {
                            "encrypted": "MGASfLb898jKr2XHwUzY+w==",
                            "iv": "wwZONgdquxhKqsT7Syaslw=="
                        },
                        "hmac": "4bcb29c978140a9477205620ecd08a4a",
                        "pointCount": 114096,
                        "location": {
                            "real": -0.489,
                            "imag": 0.768,
                            "zoom": 91,
                            "iterations": 6
                        }
                    }
                ],
                "nonce": 149461,
                "timestamp": 1740778829,
                "miningContext": {
                    "prevHash": "fecf96cb867fc884d21668ad715b9654f4a3de5d1571a2edfef4a98564db7634702f32e49fb1374e531b2b0cd0dbe2a52cfbc4890be56a25125a04b223b2c8af",
                    "historicalHashes": 80,
                    "historicalMegaHashes": 3,
                    "timestamp": 1740778829
                }
            }
        ],
        "historicalMegaHashCount": 2,
        "tokenExpiry": 1740865181
    },
    {
        "timestamp": 1740779010,
        "seed": 1740778992,
        "megaHash": "c5567b91cf0f66679473dd03a1908f227989ce605765378533a6c4cb7d57f1a4edcba2d8cbb757b654fc26b728f7999ffc1c321db08cce04bfc795e150d6d602",
        "blockchain": [
            {
                "hash": "0000a50d447f3412987d09c4256d81d0cf7c3eb020a1fb3f4acc20d8e5aa89e0",
                "prevHash": "b6c02e98e2c328feb46ab3b4502249848a91f875acaed5050d7b7efe6d05ef560dae912f973a1aaa7d8375f5186ef9024154ebd45f2b5ec4e4b394cb2a864eb5",
                "data": [
                    {
                        "char": 116,
                        "infiniteHash": "50c4a64042c57a09781f83c670035d0878c2fbf7418a3e8c45266ba23d781745a50a883c85ba936fc795f3fdd5ce8d929ed50975e38e13db92bc4a7568cffbca",
                        "encryptedChar": {
                            "encrypted": "66qvJTY6ZAhXhtV4nY+giA==",
                            "iv": "Sneb7v2Oor9EwwDFGjlZhw=="
                        },
                        "hmac": "a94a43af393bafa3ad0c14f99af932c4",
                        "pointCount": 160906,
                        "location": {
                            "real": -0.588,
                            "imag": 1.018,
                            "zoom": 99,
                            "iterations": 4
                        }
                    },
                    {
                        "char": 114,
                        "infiniteHash": "454df2f60f4e6c43cf87dc04d1405dd7bd67c65b22db2441a1c4a5a4ab27752dfae07cbf50172383e4c35c031ef1bf2e66a3ebe56e6cea59d1b5d9ea64e81d0e",
                        "encryptedChar": {
                            "encrypted": "SyalQSqie8Sx+MGOl78EKA==",
                            "iv": "9za6WYetXmQHHQ+pyAD37w=="
                        },
                        "hmac": "c9184a21f2c79102440251fe9bb5d51a",
                        "pointCount": 156325,
                        "location": {
                            "real": 0.16821974999999997,
                            "imag": 1.526443,
                            "zoom": 3,
                            "iterations": 2
                        }
                    },
                    {
                        "char": 117,
                        "infiniteHash": "ad7d2eae13db4114627054e86bcacdf7bac1289f083654e560b6f8ea543ee8354ba5c1fe07567a6c4aa3864327edece66676cfc91d2a1b1f6b5a5e927de9b696",
                        "encryptedChar": {
                            "encrypted": "dRjY8eAOoBcNClJIz0ulcw==",
                            "iv": "\/8Pg1K9A37ruebCQYFT9Zg=="
                        },
                        "hmac": "e744c13411b74ebdac61c1e2c82e1efe",
                        "pointCount": 116710,
                        "location": {
                            "real": 0.4509922861022949,
                            "imag": 0.5710128408813475,
                            "zoom": 15,
                            "iterations": 5
                        }
                    },
                    {
                        "char": 101,
                        "infiniteHash": "a1a34aca5152df7f8977ae468c52af7dce888ad66b4f8b338aa8fdf7d33b7d1fe4fb9099252b9639b95c64b17fae925b6b11e32fc2299a7cf24942e1dedfd93e",
                        "encryptedChar": {
                            "encrypted": "3wKqOQmu6hfiC0kJ6FlCkg==",
                            "iv": "V00J9HkKALzuxEejpBk+zA=="
                        },
                        "hmac": "dbfb6517bb09e2d7903cf224e537b0d5",
                        "pointCount": 131073,
                        "location": {
                            "real": 0.721,
                            "imag": 0.104,
                            "zoom": 83,
                            "iterations": 3
                        }
                    }
                ],
                "nonce": 7998,
                "timestamp": 1740779010,
                "miningContext": {
                    "prevHash": "b6c02e98e2c328feb46ab3b4502249848a91f875acaed5050d7b7efe6d05ef560dae912f973a1aaa7d8375f5186ef9024154ebd45f2b5ec4e4b394cb2a864eb5",
                    "historicalHashes": 85,
                    "historicalMegaHashes": 4,
                    "timestamp": 1740779010
                }
            }
        ],
        "historicalMegaHashCount": 3,
        "tokenExpiry": 1740865181
    },
    {
        "timestamp": 1740779844,
        "seed": 1740779802,
        "megaHash": "cbb2c986b73687109e4e8e4b610437957a0c64f56d110d4901c2a8fcbd46fe83d538ab523ea6cb11ed91a8a9e4915447b8a6ce98e650708a81b2a107af83d6b9",
        "blockchain": [
            {
                "hash": "00002524f96477bf381190627fc29d6b478c43eecbc35bf2057574344f916192",
                "prevHash": "a1a34aca5152df7f8977ae468c52af7dce888ad66b4f8b338aa8fdf7d33b7d1fe4fb9099252b9639b95c64b17fae925b6b11e32fc2299a7cf24942e1dedfd93e",
                "data": [
                    {
                        "char": 116,
                        "infiniteHash": "919169f97f6751347bbcbd55790cef8ae1ab20da45b5d2d12ad4f280caac74c1c81e9da25a0034a2d7088e1b80749d8303bac14352427b55b9fdbcc2842681e5",
                        "encryptedChar": {
                            "encrypted": "1v85lytoLNZNtiOlOt7fSA==",
                            "iv": "e\/6FtcdZGE+AkaivVWtUNg=="
                        },
                        "hmac": "9411f11d3e464ed69116f769257c7dc5",
                        "pointCount": 176924,
                        "location": {
                            "real": 0.8769999999969592,
                            "imag": 1.0449999999960442,
                            "zoom": 38,
                            "iterations": 2
                        }
                    },
                    {
                        "char": 114,
                        "infiniteHash": "a62b296970efdf3d52d2af004c3ce478f5e5e56d1da98ae77220963e79f89f5d59c1443928a1d6558b86ebd53b70c2d2cc5fe89101ad6dafad71a54d91f57626",
                        "encryptedChar": {
                            "encrypted": "ig6G7U\/\/1+em7dFKeQot2A==",
                            "iv": "HU3YRRJlKNcblRBzbBPNTQ=="
                        },
                        "hmac": "7aaae4b3caee0292a1b09e05c1edcac8",
                        "pointCount": 141860,
                        "location": {
                            "real": 0.774,
                            "imag": -0.54,
                            "zoom": 55,
                            "iterations": 3
                        }
                    },
                    {
                        "char": 117,
                        "infiniteHash": "74852f8d51ad9314ee4f55e2564b12f2bc20f5b0e527d5a9bc42563c1a035fea0c2901be7251275e581ef47212405f97ff649bbac4a898244d93dae6c25c426b",
                        "encryptedChar": {
                            "encrypted": "8GpwFvgg9h3NjiFKWZoiUQ==",
                            "iv": "Cf7Y1mes2YB3IOHxdiuVIw=="
                        },
                        "hmac": "ee18a533df3515c5416f41f6a524bd21",
                        "pointCount": 122471,
                        "location": {
                            "real": -1.78,
                            "imag": -0.534,
                            "zoom": 65,
                            "iterations": 3
                        }
                    },
                    {
                        "char": 101,
                        "infiniteHash": "484f6044faff70a016b7e88a8bed1a244b747b4697c25f9606c1c46b58f4796985b5b1137b040fe3d8ccec077c2085c34e74a62fbc8b6bc04f656c85bfcb3236",
                        "encryptedChar": {
                            "encrypted": "gcbI\/dFOzT+acCcqJT9z9A==",
                            "iv": "ZHIvzL3hau2nqK04wXnvzw=="
                        },
                        "hmac": "49ff95662021409f4884806d85ebd631",
                        "pointCount": 142827,
                        "location": {
                            "real": 0.981,
                            "imag": -0.20400000000000007,
                            "zoom": 53,
                            "iterations": 3
                        }
                    }
                ],
                "nonce": 177303,
                "timestamp": 1740779841,
                "miningContext": {
                    "prevHash": "a1a34aca5152df7f8977ae468c52af7dce888ad66b4f8b338aa8fdf7d33b7d1fe4fb9099252b9639b95c64b17fae925b6b11e32fc2299a7cf24942e1dedfd93e",
                    "historicalHashes": 90,
                    "historicalMegaHashes": 5,
                    "timestamp": 1740779841
                }
            }
        ],
        "historicalMegaHashCount": 4,
        "tokenExpiry": 1740865181
    },
    {
        "timestamp": 1740780823,
        "seed": 1740780798,
        "megaHash": "9df340cb3a781f7adcb720ee457287f7c903a70b57499da57ce359eda002ca77fd6f136f096ce7db327a26698dfabbdcc00bc91d15d8c54656f55cbc52ef4de6",
        "blockchain": [
            {
                "hash": "0000cb47f9076b41b069ab84162ddf523f492abd334802c64288aef736b24e37",
                "prevHash": "484f6044faff70a016b7e88a8bed1a244b747b4697c25f9606c1c46b58f4796985b5b1137b040fe3d8ccec077c2085c34e74a62fbc8b6bc04f656c85bfcb3236",
                "data": [
                    {
                        "char": 55,
                        "infiniteHash": "0ffc0b1e0c9e28aec79f26710c479b4a0e239f4e69a0dde7b8a5d856dfecf954ec863847ff9a13e3483b84f61ae46bd1aa0675e4c5473041c537917a390d67f9",
                        "encryptedChar": {
                            "encrypted": "3VkCR1DkthNxkgTpikkRPg==",
                            "iv": "2GeYVm6jipakbWuf4gqk4Q=="
                        },
                        "hmac": "8234a898a393e35e760274f40b9285ab",
                        "pointCount": 116685,
                        "location": {
                            "real": -0.886,
                            "imag": -0.348,
                            "zoom": 80,
                            "iterations": 8
                        }
                    },
                    {
                        "char": 57,
                        "infiniteHash": "cde1494c8710b26ee50df1d4eb4b308866291bef3997f1fe987bf3d6e84de06a4164cf6014022b94657862e18b558738e45f81a81192f099c29670b663149fa8",
                        "encryptedChar": {
                            "encrypted": "xHEX9uZLX107IJn0N\/QNkA==",
                            "iv": "gD5zXWMd6EPbhFqwrnbSIw=="
                        },
                        "hmac": "ca395a06484770f1f1e733c2e410bf70",
                        "pointCount": 154269,
                        "location": {
                            "real": -1.5269994282045363,
                            "imag": 0.7420006899213791,
                            "zoom": 21,
                            "iterations": 3
                        }
                    }
                ],
                "nonce": 84095,
                "timestamp": 1740780822,
                "miningContext": {
                    "prevHash": "484f6044faff70a016b7e88a8bed1a244b747b4697c25f9606c1c46b58f4796985b5b1137b040fe3d8ccec077c2085c34e74a62fbc8b6bc04f656c85bfcb3236",
                    "historicalHashes": 93,
                    "historicalMegaHashes": 6,
                    "timestamp": 1740780822
                }
            }
        ],
        "historicalMegaHashCount": 5,
        "tokenExpiry": 1740865181
    },
    {
        "timestamp": 1740781633,
        "seed": 1740780798,
        "megaHash": "94fd41ead45c32b3591e547ae319bed8d665690a211578338e507a33f24a6231716a741df05380c0f6d302a7b5869a19d8f64bcc3aa1df752d0acd1fb2f6fba0",
        "blockchain": [
            {
                "hash": "00002b47cfbfdfd6e00318f032831e5f7ce5f5db32bcf95c698f2713dbe128a6",
                "prevHash": "cde1494c8710b26ee50df1d4eb4b308866291bef3997f1fe987bf3d6e84de06a4164cf6014022b94657862e18b558738e45f81a81192f099c29670b663149fa8",
                "data": [
                    {
                        "char": 55,
                        "infiniteHash": "9121f64071ef584b04b7c3bbc6262cf8e242741156e6f5c8bbb459b7088de7fb5c4fc6516ea291566ba98e606d98fa0e9043f6a4d3e1e03acb6806069d504616",
                        "encryptedChar": {
                            "encrypted": "3VkCR1DkthNxkgTpikkRPg==",
                            "iv": "2GeYVm6jipakbWuf4gqk4Q=="
                        },
                        "hmac": "eec0fa868af2390aa6fcc82e73003a25",
                        "pointCount": 117009,
                        "location": {
                            "real": -0.886,
                            "imag": -0.348,
                            "zoom": 80,
                            "iterations": 8
                        }
                    },
                    {
                        "char": 57,
                        "infiniteHash": "a682aad01869cecf6760f8ebc751e746eb2f779e60498962cb24a3f26e556385ded9420fa40a0b023d6440e78b210a300449863a66edb3f501699cccba88f888",
                        "encryptedChar": {
                            "encrypted": "xHEX9uZLX107IJn0N\/QNkA==",
                            "iv": "gD5zXWMd6EPbhFqwrnbSIw=="
                        },
                        "hmac": "d644aa4a3be2a49c15e0011dca5f311c",
                        "pointCount": 151727,
                        "location": {
                            "real": -1.5269994282045363,
                            "imag": 0.7420006899213791,
                            "zoom": 21,
                            "iterations": 3
                        }
                    }
                ],
                "nonce": 88135,
                "timestamp": 1740781632,
                "miningContext": {
                    "prevHash": "cde1494c8710b26ee50df1d4eb4b308866291bef3997f1fe987bf3d6e84de06a4164cf6014022b94657862e18b558738e45f81a81192f099c29670b663149fa8",
                    "historicalHashes": 96,
                    "historicalMegaHashes": 7,
                    "timestamp": 1740781632
                }
            }
        ],
        "historicalMegaHashCount": 6,
        "tokenExpiry": 1740865181
    },
    {
        "timestamp": 1740795550,
        "seed": 1740795393,
        "megaHash": "40163dcd9e2c19bcb92c23aaf0ddcbbd423ada9512f25aa96665a36bf95c3701f01fdf0f25d704705304741de0a212b757a6df166ade874e9d5b488f3a690f57",
        "blockchain": [
            {
                "hash": "00006143a1835ee3cb64794b34d94d648dfb2c909417e34011ee34fe935d33d3",
                "prevHash": "a682aad01869cecf6760f8ebc751e746eb2f779e60498962cb24a3f26e556385ded9420fa40a0b023d6440e78b210a300449863a66edb3f501699cccba88f888",
                "data": [
                    {
                        "char": 104,
                        "infiniteHash": "77f4562452da52f3c561657ab0dc9149686edc04ab1c7060dfd991c1d9b4a4b47a82e8bda7e35f9abb339f6b753d3cb651e83d9e139aa401f4f1ba146ef6bbef",
                        "encryptedChar": {
                            "encrypted": "tWNOqaXFYra3cXryKmhCHA==",
                            "iv": "jkF52aNkylbz57BY5fKm\/g=="
                        },
                        "hmac": "f1ea5f36def471f9b393da1bff1b31ef",
                        "pointCount": 181918,
                        "location": {
                            "real": -1.738,
                            "imag": 0.942,
                            "zoom": 56,
                            "iterations": 2
                        }
                    },
                    {
                        "char": 105,
                        "infiniteHash": "ec0a1c4b9e80798f7d85ec578f101132efbf71cf12f683d2447d75a164168e3828f101ae7b0689071e8db2739d8e3bb0b3c2956d752c42caef7a89fce9f1afe2",
                        "encryptedChar": {
                            "encrypted": "F5yeJH8OjsLuCmhjnzG1Vg==",
                            "iv": "h0tlsva4ElqtCjn+bXEiHg=="
                        },
                        "hmac": "f179aeddefdc819e124a9870528989cf",
                        "pointCount": 154097,
                        "location": {
                            "real": -1.859,
                            "imag": 1.023,
                            "zoom": 86,
                            "iterations": 1
                        }
                    },
                    {
                        "char": 32,
                        "infiniteHash": "241bd0845f3e29a376b2323a34d2d8aaf049efd7b22ded68efe8d84a4d0320b7e99214bf8015b794152993a8fc7ce7fc998b5b20a64885ea93418c12cf700cec",
                        "encryptedChar": {
                            "encrypted": "lEyOMooSg+pmDIi85HKGKQ==",
                            "iv": "2m7QiiCmMlhAjvoWJ5sCMQ=="
                        },
                        "hmac": "b2e68c60cf6978afc2679ba690fd99bc",
                        "pointCount": 121282,
                        "location": {
                            "real": -0.195,
                            "imag": -1.233,
                            "zoom": 100,
                            "iterations": 3
                        }
                    },
                    {
                        "char": 64,
                        "infiniteHash": "e1a14c62d8fac2498e9b8d501690a2fb68e887c1640a59810c05a476a6871f8b4c11010be34c13504ebd33ef38321e76dca2c10ea40c9561fcaa51d8e38349be",
                        "encryptedChar": {
                            "encrypted": "hdIha0XgtAyYFvaI1ckaIQ==",
                            "iv": "1OIDyEKKCfApvlOdsJ2WmA=="
                        },
                        "hmac": "1aeb816fb92feeebb4fddab2db9a7ff6",
                        "pointCount": 4695,
                        "location": {
                            "real": -0.5860000000216864,
                            "imag": 0.07099999997532634,
                            "zoom": 35,
                            "iterations": 1000
                        }
                    },
                    {
                        "char": 35,
                        "infiniteHash": "f9cd9b80477a8cc189302ae49838ccba8dfd9db7eac7be1d3da8a1a7671c4c5ae83275bcc8c769603a0632ce33c13b0d5044c0446e73b9386c5a8b3d44134aea",
                        "encryptedChar": {
                            "encrypted": "ky52EO6k0SG84xs\/fiiBKw==",
                            "iv": "69L7RRKsyMB3NDA6CFRagA=="
                        },
                        "hmac": "c74cfc379c09625373d1bbf129ec23cb",
                        "pointCount": 140232,
                        "location": {
                            "real": 0.529,
                            "imag": 0.535,
                            "zoom": 100,
                            "iterations": 4
                        }
                    }
                ],
                "nonce": 55501,
                "timestamp": 1740795549,
                "miningContext": {
                    "prevHash": "a682aad01869cecf6760f8ebc751e746eb2f779e60498962cb24a3f26e556385ded9420fa40a0b023d6440e78b210a300449863a66edb3f501699cccba88f888",
                    "historicalHashes": 103,
                    "historicalMegaHashes": 8,
                    "timestamp": 1740795549
                }
            },
            {
                "hash": "00007ff87cda0105a743deedfb30b96f88be72bb71d5bbcef8b212eb31407e00",
                "prevHash": "00006143a1835ee3cb64794b34d94d648dfb2c909417e34011ee34fe935d33d3",
                "data": [
                    {
                        "char": 64,
                        "infiniteHash": "81d1756a449cf598263bbb01ba85d8a4dfcf7935942efe2808a4d5a2b72a3f0da27fb294831186bcf31d48254dfa4497ebd6b866fa183e7d2828adbcb55030a3",
                        "encryptedChar": {
                            "encrypted": "5SGlJ0CSQnM2Ss8QWp4DzQ==",
                            "iv": "ydebL5kOcgjCelg3nqZzQg=="
                        },
                        "hmac": "5dad32afc745927a280f233e58848d47",
                        "pointCount": 4762,
                        "location": {
                            "real": 0.186,
                            "imag": -0.482,
                            "zoom": 59,
                            "iterations": 1000
                        }
                    }
                ],
                "nonce": 19229,
                "timestamp": 1740795550,
                "miningContext": {
                    "prevHash": "00006143a1835ee3cb64794b34d94d648dfb2c909417e34011ee34fe935d33d3",
                    "historicalHashes": 103,
                    "historicalMegaHashes": 8,
                    "timestamp": 1740795550
                }
            }
        ],
        "historicalMegaHashCount": 7,
        "tokenExpiry": 1740865181
    }
]